transaction_id,account_id,transaction_date,transaction_type,amount,merchant,channel,description
TXN0000001,1123,2026-04-17T04:44:04,TRANSFER,-796.48,Amazon,ONLINE,Recurring charge
TXN0000002,1126,2026-02-05T00:06:06,WITHDRAWAL,-1899.9,Kroger,ONLINE,Wire transfer
TXN0000003,1059,2025-05-19T10:46:52,PAYMENT,1466.0,Starbucks,ONLINE,Direct deposit
TXN0000004,1010,2026-02-10T19:41:36,TRANSFER,-419.36,Home Depot,ONLINE,Monthly subscription
TXN0000005,1011,2025-09-04T15:20:27,DEPOSIT,4261.47,Home Depot,ATM,Bill payment
TXN0000006,1068,2025-09-10T02:24:26,INTEREST,473.83,,MOBILE,Monthly subscription
TXN0000007,1102,2026-01-22T22:21:24,PAYMENT,1386.93,Starbucks,BRANCH,Interest credit
TXN0000008,1042,2026-03-23T21:54:39,DEPOSIT,671.23,CVS,MOBILE,Monthly subscription
TXN0000009,1106,2025-07-09T09:28:15,FEE,-26.72,Costco,WIRE,Interest credit
TXN0000010,1091,2026-02-06T10:43:41,FEE,-6.3,Home Depot,MOBILE,Bill payment
TXN0000011,1124,2025-08-09T14:24:31,DEPOSIT,4439.09,  UBER  ,ATM,Online purchase
TXN0000012,1134,2026-01-15T03:24:06,INTEREST,2887.48,Costco,ATM,Card swipe
TXN0000013,1133,2026-02-06T04:53:14,INTEREST,3505.9,Walmart,MOBILE,Bill payment
TXN0000014,1088,2026-03-16T22:57:31,INTEREST,3384.71,Netflix,WIRE,Recurring charge
TXN0000015,1013,2025-10-29T06:05:23,DEPOSIT,3220.56,Target,BRANCH,Direct deposit
TXN0000016,1019,2025-05-19T13:18:09,PAYMENT,-538.1,Apple,WIRE,ATM cash out
TXN0000017,1140,2025-07-30T06:21:31,INTEREST,1899.4,,ONLINE,Bill payment
TXN0000018,1113,2025-11-09T13:56:52,FEE,-25.16,,BRANCH,Service fee
TXN0000019,1030,2025-10-07T03:16:25,PAYMENT,735.72,Amazon,ONLINE,Card swipe
TXN0000020,1140,2025-12-26T10:06:53,DEPOSIT,4131.28,Kroger,ATM,Card swipe
TXN0000021,1143,2025-09-18T02:35:50,WITHDRAWAL,-1316.1,Uber,ONLINE,ATM cash out
TXN0000022,1116,2026-02-02T07:44:14,TRANSFER,180.45,Costco,ATM,Bill payment
TXN0000023,1029,2025-09-14T22:08:06,DEPOSIT,3799.01,  SHELL  ,ATM,Card swipe
TXN0000024,1133,2025-11-07T05:42:25,TRANSFER,606.29,Amazon,MOBILE,Interest credit
TXN0000025,1027,2026-03-26T23:01:38,TRANSFER,332.56,Shell,BRANCH,ATM cash out
TXN0000026,1117,2025-05-18T01:24:53,WITHDRAWAL,-1439.24,Walmart,WIRE,Monthly subscription
TXN0000027,1115,2025-11-09T17:25:11,PAYMENT,475.37,Whole Foods,ONLINE,Card swipe
TXN0000028,1012,2025-12-13T05:43:13,FEE,-47.09,,BRANCH,Card swipe
TXN0000029,1045,2025-06-09T05:11:34,INTEREST,2896.99,CVS,BRANCH,Recurring charge
TXN0000030,1082,2026-04-20T16:54:07,FEE,-44.66,Netflix,MOBILE,Wire transfer
TXN0000031,1101,2025-06-22T15:55:51,TRANSFER,1411.47,Uber,BRANCH,Recurring charge
TXN0000032,1131,2026-01-31T11:08:59,TRANSFER,1029.22,Whole Foods,WIRE,ATM cash out
TXN0000033,1051,2026-04-22T18:07:46,WITHDRAWAL,-1255.85,Starbucks,MOBILE,Direct deposit
TXN0000034,1128,2026-02-19T10:56:13,FEE,-36.24,Apple,ATM,Card swipe
TXN0000035,1122,2026-01-16T20:24:17,FEE,-30.68,Home Depot,WIRE,Wire transfer
TXN0000036,1108,2025-05-20T14:36:05,DEPOSIT,2618.42,Amazon,ONLINE,ATM cash out
TXN0000037,1068,2026-03-21T23:36:20,WITHDRAWAL,-1967.39,Home Depot,ONLINE,Wire transfer
TXN0000038,1052,2025-10-22T18:29:11,FEE,-6.45,,ONLINE,Recurring charge
TXN0000039,1143,2025-11-14T10:08:27,WITHDRAWAL,-1489.98,Whole Foods,ATM,Online purchase
TXN0000040,1097,2025-08-29T10:08:46,PAYMENT,-250.3,Kroger,WIRE,Online purchase
TXN0000041,1003,2026-03-30T03:55:34,INTEREST,1264.19,Costco,BRANCH,ATM cash out
TXN0000042,1094,2026-02-05T12:41:34,FEE,-29.6,Costco,MOBILE,Wire transfer
TXN0000043,1114,2025-07-06T11:53:16,WITHDRAWAL,-1967.24,Walmart,WIRE,Monthly subscription
TXN0000044,1096,2025-07-01T11:57:56,DEPOSIT,2148.25,Whole Foods,WIRE,Wire transfer
TXN0000045,1001,2025-06-29T02:53:37,TRANSFER,-101.01,,ONLINE,Direct deposit
TXN0000046,1082,2025-12-28T20:50:23,FEE,-7.29,,WIRE,Wire transfer
TXN0000047,1125,2025-08-31T10:39:38,FEE,-29.76,Walmart,WIRE,ATM cash out
TXN0000048,1047,2025-11-26T21:52:26,FEE,-8.07,Whole Foods,WIRE,Interest credit
TXN0000049,1023,2025-09-05T13:45:49,TRANSFER,-836.41,Shell,ATM,Wire transfer
TXN0000050,1055,2026-01-07T03:54:56,FEE,-28.87,Whole Foods,ONLINE,Monthly subscription
TXN0000051,1088,2025-12-27T05:22:01,PAYMENT,-778.96,Home Depot,MOBILE,Online purchase
TXN0000052,1082,2025-11-25T19:22:36,PAYMENT,1247.8,Walmart,ATM,Online purchase
TXN0000053,1132,2025-05-17T00:43:37,TRANSFER,42.93,Whole Foods,ATM,ATM cash out
TXN0000054,1082,2026-02-24T07:51:03,FEE,-8.71,Walmart,WIRE,Card swipe
TXN0000055,1001,2025-07-21T18:56:10,INTEREST,336.7,Home Depot,BRANCH,Monthly subscription
TXN0000056,1052,2026-02-11T22:06:58,FEE,-42.29,,BRANCH,Monthly subscription
TXN0000057,1039,2025-05-28T10:43:16,DEPOSIT,2301.53,  APPLE  ,ONLINE,Direct deposit
TXN0000058,1064,2025-07-27T09:48:39,FEE,-8.17,,ATM,Interest credit
TXN0000059,1099,2025-09-28T06:25:13,PAYMENT,390.65,Netflix,ONLINE,Card swipe
TXN0000060,1001,2025-12-13T10:15:44,INTEREST,3604.23,Walmart,ONLINE,Monthly subscription
TXN0000061,1091,2025-12-21T13:36:12,FEE,-9.78,Kroger,ONLINE,Wire transfer
TXN0000062,1112,2025-06-29T17:02:25,PAYMENT,-314.66,  HOME DEPOT  ,WIRE,ATM cash out
TXN0000063,1034,2025-08-22T13:23:54,INTEREST,1961.05,Kroger,MOBILE,Wire transfer
TXN0000064,1095,2025-05-16T05:21:14,DEPOSIT,2772.09,Whole Foods,ONLINE,Recurring charge
TXN0000065,1100,2026-02-14T14:37:46,FEE,-29.64,Walmart,ATM,ATM cash out
TXN0000066,1105,2025-07-24T17:53:34,INTEREST,4258.78,Target,WIRE,Wire transfer
TXN0000067,1049,2025-05-21T02:56:08,DEPOSIT,914.98,Kroger,WIRE,Bill payment
TXN0000068,1140,2025-07-15T16:03:55,DEPOSIT,1460.36,Walmart,WIRE,Bill payment
TXN0000069,1084,2025-08-18T17:40:14,TRANSFER,-1115.35,Home Depot,WIRE,Monthly subscription
TXN0000070,1049,2025-08-26T17:06:07,TRANSFER,-42.42,Apple,WIRE,Direct deposit
TXN0000071,1144,2025-07-04T11:50:03,FEE,-21.4,Apple,ONLINE,Service fee
TXN0000072,1063,2026-03-22T06:23:35,WITHDRAWAL,-1430.15,Home Depot,ATM,Direct deposit
TXN0000073,1084,2025-11-05T02:54:08,PAYMENT,-111.45,Apple,WIRE,Monthly subscription
TXN0000074,1044,2025-08-16T23:31:48,INTEREST,3037.07,,MOBILE,Card swipe
TXN0000075,1050,2025-05-29T06:46:42,TRANSFER,700.63,Home Depot,ONLINE,Card swipe
TXN0000076,1007,2026-04-16T23:21:41,FEE,-31.05,Kroger,ONLINE,Card swipe
TXN0000077,1066,2026-02-25T01:21:43,FEE,-45.23,Whole Foods,MOBILE,Service fee
TXN0000078,1100,2025-08-21T00:18:31,WITHDRAWAL,-1785.05,Costco,MOBILE,Bill payment
TXN0000079,1128,2026-01-12T08:36:40,FEE,-9.07,Apple,MOBILE,Recurring charge
TXN0000080,1042,2025-12-05T17:45:18,FEE,-11.32,Target,MOBILE,Bill payment
TXN0000081,1091,2025-08-10T15:59:12,DEPOSIT,1101.91,Uber,ATM,ATM cash out
TXN0000082,1010,2026-03-03T08:56:46,INTEREST,1041.8,,ATM,Interest credit
TXN0000083,1120,2025-09-02T20:33:42,PAYMENT,1144.66,Amazon,ONLINE,Card swipe
TXN0000084,1070,2025-09-23T06:43:17,INTEREST,1323.95,Whole Foods,BRANCH,Service fee
TXN0000085,1019,2025-07-25T13:34:17,FEE,-16.32,,WIRE,Interest credit
TXN0000086,1090,2025-05-02T13:29:41,TRANSFER,-39.42,Uber,WIRE,Direct deposit
TXN0000087,1112,2025-07-21T03:28:56,WITHDRAWAL,-475.38,Whole Foods,MOBILE,Direct deposit
TXN0000088,1040,2025-06-14T22:55:03,TRANSFER,306.06,,MOBILE,Interest credit
TXN0000089,1084,2025-07-20T19:54:11,INTEREST,575.56,Home Depot,WIRE,Direct deposit
TXN0000090,1105,2025-07-01T13:49:56,DEPOSIT,1225.91,Target,MOBILE,Card swipe
TXN0000091,1010,2025-07-08T22:04:17,FEE,-11.61,Target,WIRE,Interest credit
TXN0000092,1144,2026-03-14T23:06:06,INTEREST,102.91,CVS,ATM,Monthly subscription
TXN0000093,1055,2025-07-05T05:47:51,PAYMENT,319.58,Uber,MOBILE,Interest credit
TXN0000094,1036,2025-11-14T09:02:48,FEE,-41.92,Target,ATM,Direct deposit
TXN0000095,1087,2025-09-26T16:45:54,PAYMENT,289.6,Walmart,MOBILE,Monthly subscription
TXN0000096,1004,2025-11-11T20:58:17,WITHDRAWAL,-1054.97,,BRANCH,Direct deposit
TXN0000097,1024,2026-04-05T21:14:51,WITHDRAWAL,-962.22,Costco,WIRE,Card swipe
TXN0000098,1030,2025-11-25T10:30:34,DEPOSIT,2416.38,Target,ONLINE,Interest credit
TXN0000099,1133,2025-10-13T14:09:43,PAYMENT,-388.87,Amazon,MOBILE,Bill payment
TXN0000100,1097,2026-03-21T03:10:52,TRANSFER,267.14,CVS,WIRE,Monthly subscription
TXN0000101,1108,2026-03-29T14:57:23,WITHDRAWAL,-523.95,Kroger,ONLINE,Wire transfer
TXN0000102,1139,2026-03-02T13:57:03,PAYMENT,-726.59,Amazon,ONLINE,Recurring charge
TXN0000103,1133,2026-01-22T02:27:02,DEPOSIT,2603.61,Netflix,ATM,Interest credit
TXN0000104,1092,2025-08-09T11:31:10,DEPOSIT,782.35,Home Depot,WIRE,Interest credit
TXN0000105,1144,2025-07-18T02:33:45,TRANSFER,335.64,Home Depot,BRANCH,Card swipe
TXN0000106,1142,2025-08-06T13:22:44,PAYMENT,-963.84,Whole Foods,ATM,Recurring charge
TXN0000107,1088,2026-01-11T00:57:41,INTEREST,1996.67,Target,ONLINE,ATM cash out
TXN0000108,1114,2025-10-02T13:29:53,INTEREST,4746.73,Walmart,ATM,Card swipe
TXN0000109,1013,2025-06-04T09:00:25,WITHDRAWAL,-790.43,  HOME DEPOT  ,MOBILE,Bill payment
TXN0000110,1111,2025-12-22T12:33:37,DEPOSIT,329.76,Shell,ONLINE,Interest credit
TXN0000111,1102,2025-12-18T00:50:52,FEE,-34.53,Starbucks,ONLINE,Direct deposit
TXN0000112,1126,2026-01-10T02:36:16,PAYMENT,-1467.87,,WIRE,Wire transfer
TXN0000113,1049,2025-07-28T23:19:47,DEPOSIT,3921.96,Whole Foods,WIRE,Direct deposit
TXN0000114,1009,2025-06-02T17:26:01,TRANSFER,-782.23,Amazon,ATM,Interest credit
TXN0000115,1090,2025-05-05T23:13:34,INTEREST,1981.76,Costco,ONLINE,Monthly subscription
TXN0000116,1140,2025-09-12T04:28:58,TRANSFER,678.42,Whole Foods,ATM,Wire transfer
TXN0000117,1057,2025-12-09T06:31:08,FEE,-48.34,Uber,ONLINE,Wire transfer
TXN0000118,1044,2025-08-22T06:37:32,PAYMENT,18.71,Whole Foods,ATM,Monthly subscription
TXN0000119,1131,2026-03-04T02:55:25,TRANSFER,1128.34,,WIRE,Wire transfer
TXN0000120,1113,2025-09-08T21:52:03,PAYMENT,189.51,Kroger,BRANCH,Bill payment
TXN0000121,1007,2026-03-02T06:48:24,PAYMENT,-1151.2,Walmart,MOBILE,ATM cash out
TXN0000122,1080,2026-01-27T04:06:08,PAYMENT,1366.34,Whole Foods,ATM,ATM cash out
TXN0000123,1073,2025-05-29T12:38:23,DEPOSIT,2000.66,CVS,WIRE,Direct deposit
TXN0000124,1121,2025-12-08T19:23:21,TRANSFER,-439.39,,ATM,Direct deposit
TXN0000125,1048,2026-04-03T22:32:58,PAYMENT,711.34,Shell,ATM,ATM cash out
TXN0000126,1058,2025-12-26T05:44:27,WITHDRAWAL,-1673.18,,ATM,Direct deposit
TXN0000127,1027,2025-11-07T07:58:09,DEPOSIT,4601.74,Home Depot,WIRE,Online purchase
TXN0000128,1138,2025-11-07T04:56:41,DEPOSIT,4241.57,Apple,WIRE,Wire transfer
TXN0000129,1125,2025-11-14T12:06:38,WITHDRAWAL,-1969.1,,ATM,Interest credit
TXN0000130,1056,2025-11-01T18:15:58,FEE,-10.77,Whole Foods,WIRE,Online purchase
TXN0000131,1128,2025-10-24T13:22:33,TRANSFER,-318.85,Home Depot,ONLINE,Card swipe
TXN0000132,1117,2025-09-24T08:31:31,TRANSFER,567.63,Amazon,WIRE,Monthly subscription
TXN0000133,1083,2025-08-10T01:55:50,TRANSFER,338.33,Starbucks,MOBILE,Wire transfer
TXN0000134,1120,2025-07-20T18:18:17,FEE,-20.44,Target,BRANCH,Service fee
TXN0000135,1093,2025-12-09T15:42:33,PAYMENT,-661.11,Target,MOBILE,Monthly subscription
TXN0000136,1069,2025-09-24T22:05:25,WITHDRAWAL,-1119.57,,MOBILE,Direct deposit
TXN0000137,1038,2025-06-21T05:22:00,PAYMENT,917.01,Target,WIRE,Card swipe
TXN0000138,1080,2025-05-18T12:40:58,PAYMENT,-599.9,Whole Foods,BRANCH,Monthly subscription
TXN0000139,1041,2025-12-30T14:44:28,DEPOSIT,1085.18,Starbucks,ONLINE,Bill payment
TXN0000140,1085,2026-03-10T13:53:42,TRANSFER,-417.11,Whole Foods,ATM,Service fee
TXN0000141,1005,2026-01-18T22:11:57,PAYMENT,-1136.29,,WIRE,ATM cash out
TXN0000142,1147,2026-02-27T01:00:28,FEE,-34.24,Whole Foods,ATM,Service fee
TXN0000143,1083,2026-04-10T11:58:31,INTEREST,2557.12,Kroger,ONLINE,Interest credit
TXN0000144,1073,2026-01-03T18:38:39,PAYMENT,395.14,Target,ATM,Interest credit
TXN0000145,1146,2025-09-10T10:49:18,PAYMENT,1046.7,Walmart,MOBILE,Service fee
TXN0000146,1081,2025-09-30T13:54:38,INTEREST,1463.87,Starbucks,ATM,Bill payment
TXN0000147,1092,2025-07-10T09:56:36,INTEREST,2938.73,Uber,ONLINE,Direct deposit
TXN0000148,1060,2025-05-31T02:15:26,INTEREST,1265.72,CVS,MOBILE,Direct deposit
TXN0000149,1101,2026-04-06T05:59:36,DEPOSIT,486.81,,BRANCH,Card swipe
TXN0000150,1013,2025-06-01T07:57:26,DEPOSIT,3856.96,Whole Foods,ONLINE,Wire transfer
TXN0000151,1039,2025-09-28T09:37:48,DEPOSIT,3277.62,,ATM,ATM cash out
TXN0000152,1063,2025-11-20T13:35:39,INTEREST,1428.03,Home Depot,MOBILE,Online purchase
TXN0000153,1008,2025-09-03T07:05:45,INTEREST,1790.64,,BRANCH,Bill payment
TXN0000154,1138,2026-01-25T22:18:59,TRANSFER,145.64,Target,WIRE,Direct deposit
TXN0000155,1116,2025-12-05T00:42:59,INTEREST,3747.07,,BRANCH,Card swipe
TXN0000156,1136,2026-03-08T12:25:12,TRANSFER,1226.77,Uber,ONLINE,Bill payment
TXN0000157,1078,2025-04-30T00:51:38,TRANSFER,-263.39,Target,WIRE,Direct deposit
TXN0000158,1088,2025-11-07T01:08:07,TRANSFER,-92.41,Amazon,BRANCH,Wire transfer
TXN0000159,1002,2025-05-02T19:16:35,PAYMENT,893.89,Costco,WIRE,Service fee
TXN0000160,1048,2025-07-02T09:46:55,PAYMENT,1146.49,Netflix,BRANCH,Interest credit
TXN0000161,1056,2026-02-20T22:00:48,TRANSFER,-1262.37,Home Depot,WIRE,Wire transfer
TXN0000162,1072,2025-07-12T00:17:34,INTEREST,3717.21,Kroger,ONLINE,Direct deposit
TXN0000163,1034,2025-08-13T16:28:26,TRANSFER,-1168.93,Uber,WIRE,Bill payment
TXN0000164,1048,2025-05-08T14:16:29,TRANSFER,-1441.81,Amazon,MOBILE,Monthly subscription
TXN0000165,1072,2025-07-29T09:57:04,TRANSFER,-1124.88,Uber,ONLINE,Direct deposit
TXN0000166,1003,2026-03-06T11:31:45,PAYMENT,-848.44,Netflix,BRANCH,Service fee
TXN0000167,1118,2026-02-15T11:48:55,INTEREST,3959.21,Apple,MOBILE,Online purchase
TXN0000168,1068,2026-04-12T20:31:10,PAYMENT,-1285.85,Uber,ATM,Interest credit
TXN0000169,1003,2026-02-23T12:20:27,DEPOSIT,4873.25,CVS,BRANCH,ATM cash out
TXN0000170,1008,2026-01-13T15:38:36,WITHDRAWAL,-932.45,Kroger,MOBILE,Bill payment
TXN0000171,1099,2025-09-02T11:10:01,INTEREST,4806.46,,MOBILE,Online purchase
TXN0000172,1140,2025-07-16T04:14:18,FEE,-10.5,Uber,ATM,Online purchase
TXN0000173,1055,2025-07-03T23:54:41,DEPOSIT,1187.47,Netflix,ATM,Recurring charge
TXN0000174,1030,2025-12-11T16:01:49,PAYMENT,867.43,Amazon,BRANCH,Recurring charge
TXN0000175,1039,2025-06-04T11:55:27,TRANSFER,812.39,Shell,WIRE,Service fee
TXN0000176,1015,2026-03-03T09:00:00,DEPOSIT,1784.03,Target,ONLINE,Direct deposit
TXN0000177,1124,2026-02-17T20:55:55,WITHDRAWAL,-647.14,Whole Foods,ATM,Bill payment
TXN0000178,1049,2025-08-05T08:39:29,DEPOSIT,3449.36,Apple,ONLINE,Bill payment
TXN0000179,1112,2025-12-06T02:02:34,FEE,-18.26,CVS,MOBILE,Card swipe
TXN0000180,1089,2025-12-18T12:06:05,TRANSFER,697.21,Starbucks,WIRE,Direct deposit
TXN0000181,1017,2025-11-26T08:08:00,FEE,-11.98,Starbucks,ATM,Bill payment
TXN0000182,1000,2025-05-07T06:28:54,INTEREST,2534.73,CVS,WIRE,Service fee
TXN0000183,1061,2026-03-14T02:05:48,TRANSFER,663.01,Home Depot,BRANCH,ATM cash out
TXN0000184,1134,2025-08-17T22:57:15,INTEREST,2492.77,Whole Foods,ATM,Interest credit
TXN0000185,1082,2026-03-20T08:33:58,DEPOSIT,490.32,Home Depot,MOBILE,Direct deposit
TXN0000186,1008,2025-12-07T18:13:09,WITHDRAWAL,-231.97,Shell,BRANCH,Bill payment
TXN0000187,1134,2025-07-24T17:17:07,FEE,-36.56,  STARBUCKS  ,WIRE,Monthly subscription
TXN0000188,1003,2026-04-10T13:13:57,WITHDRAWAL,-1318.38,,ONLINE,Bill payment
TXN0000189,1015,2025-10-08T12:57:53,TRANSFER,174.06,,ATM,Online purchase
TXN0000190,1068,2025-05-30T06:24:37,FEE,-6.83,Walmart,MOBILE,Card swipe
TXN0000191,1024,2025-07-14T00:00:13,DEPOSIT,3628.61,Whole Foods,WIRE,ATM cash out
TXN0000192,1145,2025-10-08T05:48:03,INTEREST,4738.04,Whole Foods,ONLINE,Recurring charge
TXN0000193,1091,2025-06-09T10:18:16,INTEREST,2299.02,Home Depot,MOBILE,Direct deposit
TXN0000194,1140,2025-12-18T23:37:11,PAYMENT,14.08,Home Depot,BRANCH,Service fee
TXN0000195,1080,2025-10-07T03:19:04,FEE,-49.62,Apple,BRANCH,Service fee
TXN0000196,1061,2026-04-24T16:18:53,FEE,-29.55,Netflix,ATM,Service fee
TXN0000197,1115,2025-08-18T11:33:57,PAYMENT,1379.47,Amazon,WIRE,Online purchase
TXN0000198,1132,2025-07-25T04:08:02,WITHDRAWAL,-1986.96,  STARBUCKS  ,MOBILE,Service fee
TXN0000199,1005,2025-12-01T00:30:52,INTEREST,4113.46,,WIRE,Card swipe
TXN0000200,1146,2025-06-29T15:01:25,FEE,-11.96,Amazon,MOBILE,Wire transfer
TXN0000201,1093,2025-06-04T16:37:04,FEE,-16.24,Starbucks,WIRE,Interest credit
TXN0000202,1145,2025-11-03T09:32:06,WITHDRAWAL,-1473.85,CVS,MOBILE,Bill payment
TXN0000203,1147,2026-03-09T22:17:08,DEPOSIT,2980.2,  STARBUCKS  ,WIRE,Interest credit
TXN0000204,1020,2026-03-13T08:18:45,DEPOSIT,4610.14,Apple,BRANCH,Interest credit
TXN0000205,1030,2025-12-19T21:51:29,WITHDRAWAL,-1500.4,,ONLINE,Interest credit
TXN0000206,1013,2025-06-27T02:11:12,TRANSFER,73.15,Apple,ATM,Card swipe
TXN0000207,1056,2025-10-20T01:26:39,WITHDRAWAL,-120.03,CVS,WIRE,Recurring charge
TXN0000208,1129,2025-06-26T11:34:32,DEPOSIT,1118.21,Starbucks,MOBILE,Service fee
TXN0000209,1021,2025-08-09T23:13:03,PAYMENT,214.32,Amazon,ONLINE,Interest credit
TXN0000210,1128,2025-11-02T18:31:21,PAYMENT,821.48,Target,WIRE,ATM cash out
TXN0000211,1124,2026-02-09T16:55:13,PAYMENT,456.75,Shell,WIRE,ATM cash out
TXN0000212,1062,2026-04-23T21:35:28,DEPOSIT,1338.62,Netflix,WIRE,Monthly subscription
TXN0000213,1028,2025-09-01T13:29:53,INTEREST,2073.77,Apple,ATM,Recurring charge
TXN0000214,1006,2026-03-07T18:36:04,TRANSFER,-992.23,Apple,BRANCH,Recurring charge
TXN0000215,1037,2025-07-29T16:16:50,PAYMENT,-1365.37,,MOBILE,Service fee
TXN0000216,1039,2025-08-02T09:22:27,INTEREST,4265.29,Walmart,WIRE,Direct deposit
TXN0000217,1073,2025-10-21T18:52:40,DEPOSIT,1722.92,Kroger,BRANCH,Online purchase
TXN0000218,1084,2025-11-19T05:11:29,WITHDRAWAL,-1485.23,Shell,ATM,Card swipe
TXN0000219,1123,2026-01-14T12:38:24,FEE,-37.85,Target,ONLINE,Interest credit
TXN0000220,1149,2025-08-18T07:11:53,INTEREST,2638.73,Starbucks,MOBILE,Recurring charge
TXN0000221,1069,2026-01-11T11:07:15,DEPOSIT,2330.15,Amazon,ATM,Service fee
TXN0000222,1027,2026-01-07T04:57:02,DEPOSIT,1469.55,,BRANCH,ATM cash out
TXN0000223,1097,2025-11-04T05:22:43,FEE,-48.95,Walmart,WIRE,Card swipe
TXN0000224,1022,2026-01-31T16:41:39,WITHDRAWAL,-413.77,Uber,ONLINE,Online purchase
TXN0000225,1063,2025-06-29T23:23:42,FEE,-18.72,Uber,ONLINE,Service fee
TXN0000226,1090,2025-11-10T16:00:08,TRANSFER,375.69,Shell,ATM,Online purchase
TXN0000227,1065,2025-05-11T10:38:31,PAYMENT,1171.21,,WIRE,Wire transfer
TXN0000228,1057,2025-06-03T02:18:31,WITHDRAWAL,-696.74,Netflix,BRANCH,Card swipe
TXN0000229,1058,2025-08-29T07:37:06,PAYMENT,-778.92,Target,WIRE,Service fee
TXN0000230,1114,2025-11-26T05:47:00,FEE,-10.93,Home Depot,MOBILE,Direct deposit
TXN0000231,1079,2025-10-14T00:29:23,INTEREST,3528.63,Whole Foods,MOBILE,Recurring charge
TXN0000232,1040,2025-06-14T23:26:58,TRANSFER,-1296.56,Whole Foods,MOBILE,Service fee
TXN0000233,1037,2025-10-07T19:08:02,INTEREST,157.12,Apple,BRANCH,Wire transfer
TXN0000234,1113,2026-01-02T07:50:52,INTEREST,4669.5,,ATM,Direct deposit
TXN0000235,1048,2025-12-23T16:04:54,DEPOSIT,666.41,Amazon,WIRE,Wire transfer
TXN0000236,1145,2025-05-10T03:07:30,FEE,-15.39,Shell,ATM,Monthly subscription
TXN0000237,1122,2026-01-07T06:25:03,WITHDRAWAL,-1014.6,Costco,ATM,Direct deposit
TXN0000238,1099,2025-05-12T12:24:04,PAYMENT,-78.46,Target,BRANCH,Online purchase
TXN0000239,1069,2026-02-18T06:59:23,PAYMENT,-832.34,Home Depot,MOBILE,Monthly subscription
TXN0000240,1045,2026-04-01T14:55:39,PAYMENT,1101.39,Uber,BRANCH,ATM cash out
TXN0000241,1109,2025-09-24T17:20:39,PAYMENT,828.64,Costco,ATM,Interest credit
TXN0000242,1146,2026-03-01T14:37:29,FEE,-29.13,Home Depot,ONLINE,Card swipe
TXN0000243,1027,2025-05-16T11:20:41,PAYMENT,-129.3,,MOBILE,Card swipe
TXN0000244,1137,2025-11-16T10:38:57,PAYMENT,1451.49,Amazon,ONLINE,ATM cash out
TXN0000245,1074,2025-08-19T00:55:01,PAYMENT,-305.88,Starbucks,BRANCH,Direct deposit
TXN0000246,1108,2026-04-15T22:52:03,TRANSFER,339.4,Amazon,MOBILE,Bill payment
TXN0000247,1115,2025-12-13T08:46:05,DEPOSIT,3616.01,Walmart,WIRE,Direct deposit
TXN0000248,1100,2025-12-15T06:08:20,PAYMENT,-529.62,Amazon,MOBILE,Bill payment
TXN0000249,1023,2026-03-05T07:47:22,TRANSFER,-527.78,Home Depot,MOBILE,Monthly subscription
TXN0000250,1023,2025-11-19T10:19:52,DEPOSIT,3534.07,Home Depot,BRANCH,Card swipe
TXN0000251,1040,2026-04-19T06:48:43,PAYMENT,151.04,Amazon,ATM,Recurring charge
TXN0000252,1038,2025-05-19T22:14:54,WITHDRAWAL,-1740.26,Target,BRANCH,Wire transfer
TXN0000253,1079,2025-07-09T04:12:32,INTEREST,3845.47,Uber,ONLINE,Direct deposit
TXN0000254,1051,2025-11-09T06:13:31,DEPOSIT,3116.58,  STARBUCKS  ,BRANCH,Card swipe
TXN0000255,1001,2026-01-11T02:42:42,FEE,-44.72,Shell,BRANCH,Bill payment
TXN0000256,1104,2026-04-07T14:24:01,PAYMENT,-1261.79,  COSTCO  ,WIRE,Wire transfer
TXN0000257,1142,2025-09-12T13:06:02,WITHDRAWAL,-116.86,Target,ONLINE,Direct deposit
TXN0000258,1008,2026-04-22T10:36:25,INTEREST,2894.68,Costco,ONLINE,Online purchase
TXN0000259,1027,2025-12-23T07:46:09,PAYMENT,1481.21,Target,WIRE,Recurring charge
TXN0000260,1143,2026-04-26T18:01:16,WITHDRAWAL,-1933.26,CVS,ONLINE,Monthly subscription
TXN0000261,1076,2026-02-18T13:11:30,TRANSFER,-394.29,Netflix,BRANCH,Card swipe
TXN0000262,1016,2025-08-14T13:45:58,TRANSFER,-87.55,Walmart,ATM,Card swipe
TXN0000263,1105,2025-06-11T10:46:14,FEE,-14.44,Shell,WIRE,Card swipe
TXN0000264,1022,2026-01-29T11:54:21,PAYMENT,672.22,Costco,ATM,Interest credit
TXN0000265,1081,2025-06-19T09:00:50,TRANSFER,76.17,Costco,WIRE,Recurring charge
TXN0000266,1127,2025-07-08T20:51:24,FEE,-37.81,Uber,WIRE,ATM cash out
TXN0000267,1074,2026-03-05T10:05:08,WITHDRAWAL,-23.13,Amazon,ONLINE,ATM cash out
TXN0000268,1106,2026-01-02T13:57:49,PAYMENT,-1363.52,Apple,MOBILE,Online purchase
TXN0000269,1051,2025-08-24T14:50:58,INTEREST,1415.32,Kroger,WIRE,Card swipe
TXN0000270,1082,2026-02-05T07:51:57,DEPOSIT,578.05,Apple,WIRE,Recurring charge
TXN0000271,1007,2025-09-08T05:47:59,WITHDRAWAL,-404.15,,BRANCH,Bill payment
TXN0000272,1009,2026-04-11T10:35:10,INTEREST,687.41,Target,WIRE,Service fee
TXN0000273,1118,2025-08-24T06:05:09,PAYMENT,1283.37,Amazon,WIRE,Service fee
TXN0000274,1142,2026-03-06T12:12:33,FEE,-5.84,Costco,ATM,Monthly subscription
TXN0000275,1038,2025-12-29T07:30:15,TRANSFER,1022.22,Apple,WIRE,Direct deposit
TXN0000276,1146,2026-02-27T19:58:26,FEE,-22.53,Costco,ATM,Service fee
TXN0000277,1008,2025-09-21T07:24:35,TRANSFER,-258.39,Uber,BRANCH,Wire transfer
TXN0000278,1055,2025-05-14T12:32:49,FEE,-18.6,Walmart,MOBILE,Monthly subscription
TXN0000279,1113,2025-06-28T20:06:32,FEE,-6.12,Uber,MOBILE,Service fee
TXN0000280,1123,2025-06-24T15:36:23,INTEREST,4370.66,Starbucks,ONLINE,Card swipe
TXN0000281,1033,2026-03-31T20:36:55,WITHDRAWAL,-1454.65,Uber,WIRE,Monthly subscription
TXN0000282,1001,2026-04-03T14:27:53,TRANSFER,1297.01,Home Depot,ONLINE,Service fee
TXN0000283,1119,2025-08-29T08:31:55,DEPOSIT,524.48,Kroger,ONLINE,Recurring charge
TXN0000284,1079,2025-08-19T07:00:05,INTEREST,4461.76,Apple,ATM,Card swipe
TXN0000285,1081,2025-08-14T06:28:50,PAYMENT,513.37,Starbucks,ONLINE,Online purchase
TXN0000286,1143,2025-08-31T16:29:40,FEE,-9.61,Whole Foods,ATM,Direct deposit
TXN0000287,1072,2026-04-11T12:18:30,FEE,-16.02,Walmart,ATM,Card swipe
TXN0000288,1113,2025-05-19T14:17:02,DEPOSIT,659.07,Uber,ONLINE,Interest credit
TXN0000289,1013,2026-04-11T03:17:36,DEPOSIT,2138.06,Target,WIRE,Bill payment
TXN0000290,1091,2026-01-15T12:57:50,TRANSFER,-503.0,Shell,WIRE,Monthly subscription
TXN0000291,1119,2026-03-07T14:26:55,FEE,-10.93,,BRANCH,Monthly subscription
TXN0000292,1116,2025-10-29T17:48:19,TRANSFER,553.43,CVS,MOBILE,ATM cash out
TXN0000293,1036,2026-01-26T16:52:51,FEE,-16.61,Apple,ATM,Service fee
TXN0000294,1116,2025-11-01T21:21:38,PAYMENT,-1409.21,Uber,BRANCH,Direct deposit
TXN0000295,1072,2025-10-04T13:16:02,TRANSFER,313.32,Target,ONLINE,Service fee
TXN0000296,1142,2025-10-02T15:52:49,INTEREST,363.91,Starbucks,WIRE,Interest credit
TXN0000297,1061,2025-09-26T01:25:43,FEE,-15.97,Target,ONLINE,Service fee
TXN0000298,1053,2025-12-06T06:47:29,INTEREST,2958.94,Kroger,ATM,Card swipe
TXN0000299,1060,2026-01-31T11:28:16,WITHDRAWAL,-1331.97,Walmart,WIRE,Bill payment
TXN0000300,1029,2026-03-15T05:48:36,FEE,-31.82,Apple,BRANCH,Direct deposit
TXN0000301,1078,2025-12-17T14:54:04,PAYMENT,-1291.18,Walmart,BRANCH,Service fee
TXN0000302,1126,2025-06-22T22:47:52,INTEREST,3304.22,Walmart,WIRE,Online purchase
TXN0000303,1037,2025-12-25T01:32:54,INTEREST,754.59,Whole Foods,WIRE,Bill payment
TXN0000304,1050,2026-03-04T11:50:50,WITHDRAWAL,-1369.4,Apple,ATM,Interest credit
TXN0000305,1088,2025-10-03T23:23:34,DEPOSIT,2917.81,Costco,MOBILE,Wire transfer
TXN0000306,1015,2025-12-03T11:51:37,TRANSFER,1203.23,  AMAZON  ,ATM,Monthly subscription
TXN0000307,1072,2025-12-28T19:25:10,DEPOSIT,1183.85,CVS,ATM,Interest credit
TXN0000308,1103,2025-10-31T10:07:20,PAYMENT,-194.43,Shell,MOBILE,ATM cash out
TXN0000309,1142,2025-06-28T21:52:31,PAYMENT,1029.98,Apple,ATM,Direct deposit
TXN0000310,1034,2026-04-08T15:45:37,DEPOSIT,368.01,Amazon,BRANCH,Interest credit
TXN0000311,1034,2025-10-24T02:29:42,DEPOSIT,694.73,Kroger,WIRE,Interest credit
TXN0000312,1046,2025-09-26T09:48:03,PAYMENT,28.24,Whole Foods,ATM,ATM cash out
TXN0000313,1047,2026-02-07T20:36:23,PAYMENT,313.72,Costco,MOBILE,Card swipe
TXN0000314,1068,2025-05-14T16:55:39,PAYMENT,1279.69,Costco,WIRE,Bill payment
TXN0000315,1094,2026-02-07T13:49:18,DEPOSIT,2905.54,CVS,WIRE,Wire transfer
TXN0000316,1119,2025-12-22T22:16:12,FEE,-8.52,,ONLINE,ATM cash out
TXN0000317,1120,2026-01-01T02:23:49,INTEREST,3711.01,Home Depot,WIRE,Recurring charge
TXN0000318,1079,2025-05-04T04:30:30,FEE,-7.37,Apple,BRANCH,Bill payment
TXN0000319,1131,2026-03-05T23:58:46,PAYMENT,221.9,Apple,ATM,Wire transfer
TXN0000320,1042,2026-02-06T07:52:02,DEPOSIT,3478.31,Costco,WIRE,Wire transfer
TXN0000321,1015,2026-01-09T21:20:40,INTEREST,2371.07,Target,ATM,Recurring charge
TXN0000322,1006,2026-03-26T16:02:41,TRANSFER,-45.72,Target,ATM,Wire transfer
TXN0000323,1033,2025-08-07T19:00:03,FEE,-17.64,,ONLINE,Monthly subscription
TXN0000324,1044,2026-03-09T17:37:15,FEE,-38.25,Home Depot,MOBILE,Wire transfer
TXN0000325,1060,2025-09-10T03:34:29,PAYMENT,-957.57,Whole Foods,ONLINE,Direct deposit
TXN0000326,1039,2025-07-31T09:49:51,PAYMENT,758.28,Netflix,BRANCH,Direct deposit
TXN0000327,1053,2025-08-10T16:20:40,FEE,-38.05,Apple,ONLINE,Online purchase
TXN0000328,1042,2026-02-16T05:08:09,PAYMENT,-303.77,Starbucks,WIRE,ATM cash out
TXN0000329,1097,2025-11-22T00:04:44,INTEREST,3530.98,Uber,BRANCH,Online purchase
TXN0000330,1073,2026-01-20T04:52:06,PAYMENT,-353.99,Apple,ONLINE,Monthly subscription
TXN0000331,1136,2025-10-14T16:32:09,INTEREST,1775.6,,WIRE,Wire transfer
TXN0000332,1085,2025-12-12T20:55:21,TRANSFER,-698.74,Walmart,BRANCH,Bill payment
TXN0000333,1061,2025-09-08T00:51:26,INTEREST,3362.73,Kroger,MOBILE,Service fee
TXN0000334,1140,2025-05-26T09:21:29,DEPOSIT,3367.28,,ONLINE,Interest credit
TXN0000335,1025,2026-02-05T15:49:33,FEE,-9.68,Uber,ATM,Wire transfer
TXN0000336,1049,2025-12-16T17:46:22,DEPOSIT,128.27,Walmart,MOBILE,Recurring charge
TXN0000337,1031,2025-06-19T10:49:24,INTEREST,4789.4,Walmart,BRANCH,Recurring charge
TXN0000338,1047,2026-01-11T12:05:58,DEPOSIT,3481.31,Starbucks,ONLINE,Bill payment
TXN0000339,1070,2025-09-02T14:20:41,PAYMENT,576.66,Home Depot,ATM,Direct deposit
TXN0000340,1018,2025-05-23T07:47:13,TRANSFER,831.32,Netflix,ATM,Wire transfer
TXN0000341,1045,2025-07-16T22:22:18,PAYMENT,-1291.8,,WIRE,Interest credit
TXN0000342,1045,2025-10-14T11:34:28,INTEREST,2465.37,Target,MOBILE,Recurring charge
TXN0000343,1027,2025-05-27T08:17:25,PAYMENT,646.2,  WALMART  ,WIRE,Wire transfer
TXN0000344,1114,2025-04-30T08:05:13,DEPOSIT,4483.6,Target,ONLINE,Interest credit
TXN0000345,1068,2025-09-28T23:27:48,WITHDRAWAL,-1406.11,,WIRE,Online purchase
TXN0000346,1131,2025-10-03T20:44:22,INTEREST,4700.16,Uber,ONLINE,Card swipe
TXN0000347,1057,2025-11-03T05:11:02,DEPOSIT,1928.28,CVS,ONLINE,Recurring charge
TXN0000348,1137,2025-12-31T13:12:25,TRANSFER,-499.68,Starbucks,ONLINE,Service fee
TXN0000349,1136,2025-08-20T14:36:38,TRANSFER,-1258.63,Uber,MOBILE,Direct deposit
TXN0000350,1141,2026-01-25T06:05:34,DEPOSIT,4837.89,Home Depot,BRANCH,Monthly subscription
TXN0000351,1091,2025-07-12T13:56:13,PAYMENT,-1245.41,Home Depot,MOBILE,Online purchase
TXN0000352,1049,2025-09-27T23:34:33,DEPOSIT,3601.5,Costco,ONLINE,Card swipe
TXN0000353,1078,2026-03-11T06:19:12,PAYMENT,101.82,,BRANCH,Online purchase
TXN0000354,1009,2025-10-04T11:36:25,TRANSFER,-1331.84,Kroger,ONLINE,ATM cash out
TXN0000355,1133,2026-04-04T12:39:03,PAYMENT,1320.27,,WIRE,Direct deposit
TXN0000356,1148,2025-11-05T20:49:44,WITHDRAWAL,-1851.14,Amazon,ONLINE,Bill payment
TXN0000357,1011,2025-12-31T16:49:55,WITHDRAWAL,-1408.57,  TARGET  ,ONLINE,Wire transfer
TXN0000358,1024,2025-12-15T12:54:55,PAYMENT,333.68,,ONLINE,Monthly subscription
TXN0000359,1029,2026-03-08T10:03:01,PAYMENT,284.93,Costco,MOBILE,Interest credit
TXN0000360,1086,2026-01-20T16:09:57,INTEREST,3395.21,Apple,WIRE,Card swipe
TXN0000361,1035,2025-05-17T16:53:50,TRANSFER,1009.28,Kroger,WIRE,Direct deposit
TXN0000362,1085,2025-07-04T06:20:50,DEPOSIT,612.52,Target,ATM,Card swipe
TXN0000363,1042,2025-06-07T19:46:04,PAYMENT,-769.07,  COSTCO  ,WIRE,Interest credit
TXN0000364,1040,2025-07-08T16:14:56,DEPOSIT,4399.34,  WALMART  ,ONLINE,Recurring charge
TXN0000365,1072,2026-01-23T21:14:50,PAYMENT,580.51,Kroger,MOBILE,ATM cash out
TXN0000366,1036,2026-04-29T07:37:44,INTEREST,1362.04,Uber,MOBILE,Recurring charge
TXN0000367,1009,2025-06-03T04:25:01,FEE,-13.1,Uber,ATM,Service fee
TXN0000368,1107,2025-11-21T21:48:46,DEPOSIT,2792.97,Shell,ONLINE,Recurring charge
TXN0000369,1092,2026-01-11T01:22:28,FEE,-27.84,Uber,MOBILE,Wire transfer
TXN0000370,1013,2026-04-18T23:39:00,WITHDRAWAL,-243.1,Target,BRANCH,Bill payment
TXN0000371,1045,2025-09-18T10:31:31,WITHDRAWAL,-1346.88,Amazon,ATM,ATM cash out
TXN0000372,1111,2025-10-22T23:38:31,TRANSFER,-497.12,Kroger,ONLINE,Monthly subscription
TXN0000373,1013,2025-11-15T23:15:01,FEE,-12.91,  KROGER  ,ONLINE,Monthly subscription
TXN0000374,1060,2025-07-16T04:29:50,INTEREST,2229.66,Costco,ATM,ATM cash out
TXN0000375,1028,2026-04-02T19:55:40,TRANSFER,-816.65,Shell,MOBILE,Interest credit
TXN0000376,1056,2025-10-16T06:33:24,DEPOSIT,2360.24,Uber,MOBILE,ATM cash out
TXN0000377,1116,2025-07-14T09:39:18,WITHDRAWAL,-786.91,Target,ATM,Wire transfer
TXN0000378,1051,2025-08-16T23:25:13,TRANSFER,-1118.36,CVS,MOBILE,Monthly subscription
TXN0000379,1119,2026-04-09T05:55:49,PAYMENT,-245.33,Kroger,ATM,Recurring charge
TXN0000380,1040,2025-07-04T23:54:48,INTEREST,4764.27,,WIRE,Card swipe
TXN0000381,1058,2025-07-23T01:23:28,DEPOSIT,2064.36,Whole Foods,WIRE,Bill payment
TXN0000382,1118,2025-08-03T18:59:00,TRANSFER,-1456.49,Netflix,MOBILE,Service fee
TXN0000383,1111,2025-12-15T19:42:40,FEE,-15.01,,MOBILE,Recurring charge
TXN0000384,1001,2026-02-08T20:29:40,PAYMENT,1440.55,Amazon,WIRE,Online purchase
TXN0000385,1108,2026-03-14T22:59:23,FEE,-22.74,Kroger,ONLINE,Bill payment
TXN0000386,1126,2026-02-08T04:44:33,WITHDRAWAL,-184.52,  KROGER  ,BRANCH,ATM cash out
TXN0000387,1033,2025-05-06T04:28:47,TRANSFER,-612.63,Home Depot,BRANCH,Wire transfer
TXN0000388,1041,2025-05-09T11:33:00,INTEREST,2301.82,Costco,BRANCH,Bill payment
TXN0000389,1035,2025-12-29T10:18:05,INTEREST,2032.75,Kroger,BRANCH,Online purchase
TXN0000390,1018,2025-08-23T04:25:08,PAYMENT,1180.3,Apple,BRANCH,Wire transfer
TXN0000391,1138,2025-12-26T23:03:42,FEE,-40.75,Kroger,ATM,Online purchase
TXN0000392,1131,2025-09-18T23:33:13,INTEREST,1826.31,Amazon,BRANCH,Recurring charge
TXN0000393,1010,2025-05-26T00:32:25,TRANSFER,-400.7,Home Depot,WIRE,ATM cash out
TXN0000394,1035,2026-02-10T08:52:49,TRANSFER,-784.1,Walmart,WIRE,ATM cash out
TXN0000395,1057,2025-10-11T05:59:06,TRANSFER,-441.86,Starbucks,ATM,Online purchase
TXN0000396,1016,2026-03-18T04:03:28,TRANSFER,-464.32,Uber,ONLINE,Bill payment
TXN0000397,1136,2025-08-21T12:06:04,INTEREST,4128.64,,BRANCH,Recurring charge
TXN0000398,1094,2026-04-07T23:22:16,INTEREST,4727.37,Kroger,ONLINE,ATM cash out
TXN0000399,1117,2025-07-08T10:38:49,DEPOSIT,410.05,,ATM,Monthly subscription
TXN0000400,1027,2025-06-27T10:44:37,WITHDRAWAL,-566.37,CVS,MOBILE,Card swipe
TXN0000401,1005,2025-06-20T06:35:03,TRANSFER,-250.39,Home Depot,BRANCH,Service fee
TXN0000402,1107,2025-05-24T10:43:55,PAYMENT,713.13,Amazon,ONLINE,ATM cash out
TXN0000403,1133,2026-01-05T21:38:01,INTEREST,1686.03,Costco,ATM,Bill payment
TXN0000404,1135,2026-04-13T20:35:39,FEE,-25.04,Starbucks,ATM,Direct deposit
TXN0000405,1066,2025-05-18T09:02:40,WITHDRAWAL,-978.8,Starbucks,MOBILE,Service fee
TXN0000406,1072,2026-01-31T10:34:13,PAYMENT,1368.64,Costco,WIRE,Wire transfer
TXN0000407,1046,2026-03-04T12:52:42,WITHDRAWAL,-1681.88,CVS,MOBILE,Direct deposit
TXN0000408,1060,2025-10-18T05:22:47,DEPOSIT,215.35,Apple,ATM,Service fee
TXN0000409,1047,2025-09-10T12:53:11,WITHDRAWAL,-1133.72,Amazon,MOBILE,Service fee
TXN0000410,1114,2026-04-22T11:03:59,FEE,-48.9,Whole Foods,ONLINE,Interest credit
TXN0000411,1127,2025-09-01T08:38:50,WITHDRAWAL,-1896.62,,MOBILE,Online purchase
TXN0000412,1139,2026-04-12T23:06:54,FEE,-19.91,CVS,ATM,Recurring charge
TXN0000413,1037,2025-10-18T16:43:20,FEE,-37.78,,ATM,Monthly subscription
TXN0000414,1122,2025-05-09T15:06:42,DEPOSIT,705.72,Whole Foods,BRANCH,Recurring charge
TXN0000415,1056,2026-01-04T01:28:01,PAYMENT,-427.82,Apple,MOBILE,Recurring charge
TXN0000416,1134,2025-05-08T18:10:07,WITHDRAWAL,-1566.94,Kroger,ONLINE,Card swipe
TXN0000417,1114,2025-09-30T04:17:40,INTEREST,3361.07,Walmart,MOBILE,Bill payment
TXN0000418,1081,2025-09-17T05:22:06,FEE,-32.23,Amazon,BRANCH,Direct deposit
TXN0000419,1109,2025-09-13T10:51:58,TRANSFER,-341.66,Amazon,ATM,Bill payment
TXN0000420,1143,2025-10-19T12:26:01,DEPOSIT,1086.32,,BRANCH,Bill payment
TXN0000421,1073,2025-10-11T14:24:08,WITHDRAWAL,-1615.23,,BRANCH,Direct deposit
TXN0000422,1022,2025-11-20T00:09:38,WITHDRAWAL,-431.41,Uber,ATM,Monthly subscription
TXN0000423,1096,2025-10-07T23:33:02,DEPOSIT,43.03,Home Depot,MOBILE,Card swipe
TXN0000424,1118,2025-06-22T04:15:09,INTEREST,2843.9,,MOBILE,Direct deposit
TXN0000425,1097,2025-08-25T06:46:40,TRANSFER,161.6,Amazon,WIRE,Wire transfer
TXN0000426,1126,2025-04-30T22:48:16,FEE,-38.29,  SHELL  ,MOBILE,Wire transfer
TXN0000427,1076,2026-01-13T14:45:47,INTEREST,4172.87,Uber,ATM,Interest credit
TXN0000428,1045,2025-06-15T08:27:57,PAYMENT,1220.38,Home Depot,ATM,Bill payment
TXN0000429,1017,2025-10-16T08:27:11,FEE,-38.55,Costco,ATM,Bill payment
TXN0000430,1030,2025-08-08T19:03:42,TRANSFER,37.58,  COSTCO  ,MOBILE,Recurring charge
TXN0000431,1014,2026-01-24T05:51:58,WITHDRAWAL,-652.97,,MOBILE,Service fee
TXN0000432,1041,2025-09-15T06:00:51,DEPOSIT,1370.63,Netflix,ONLINE,Wire transfer
TXN0000433,1074,2026-02-21T15:45:40,FEE,-33.75,Walmart,MOBILE,Monthly subscription
TXN0000434,1042,2026-01-21T00:21:23,FEE,-19.52,Apple,ATM,Wire transfer
TXN0000435,1092,2025-05-05T00:12:53,DEPOSIT,2676.76,Apple,MOBILE,Card swipe
TXN0000436,1072,2026-04-18T17:09:33,TRANSFER,836.42,Netflix,MOBILE,Monthly subscription
TXN0000437,1055,2025-07-12T04:10:18,WITHDRAWAL,-1016.7,,WIRE,Recurring charge
TXN0000438,1134,2025-06-13T06:14:49,FEE,-37.06,CVS,BRANCH,Bill payment
TXN0000439,1019,2025-05-06T17:59:15,DEPOSIT,4096.04,,BRANCH,Service fee
TXN0000440,1079,2025-10-18T15:09:35,INTEREST,1819.22,,WIRE,Card swipe
TXN0000441,1087,2025-06-15T01:24:11,WITHDRAWAL,-1425.59,Amazon,MOBILE,Direct deposit
TXN0000442,1036,2025-05-30T12:39:04,INTEREST,1140.61,Target,BRANCH,Monthly subscription
TXN0000443,1019,2025-07-15T06:07:26,DEPOSIT,3875.71,Kroger,ONLINE,Online purchase
TXN0000444,1131,2025-05-16T19:24:46,FEE,-7.67,Walmart,ONLINE,Wire transfer
TXN0000445,1002,2025-12-19T17:06:27,DEPOSIT,3914.03,,MOBILE,Recurring charge
TXN0000446,1051,2026-03-24T12:00:02,WITHDRAWAL,-1347.79,Amazon,ATM,Recurring charge
TXN0000447,1089,2025-12-24T01:10:04,TRANSFER,-1018.33,Whole Foods,MOBILE,Card swipe
TXN0000448,1145,2025-11-21T09:08:03,DEPOSIT,504.54,Costco,MOBILE,ATM cash out
TXN0000449,1072,2026-02-05T16:44:45,WITHDRAWAL,-1805.29,  WHOLE FOODS  ,ONLINE,ATM cash out
TXN0000450,1129,2025-10-17T17:58:57,INTEREST,2378.83,CVS,ONLINE,Direct deposit
TXN0000451,1090,2025-06-12T19:47:45,PAYMENT,-227.72,Whole Foods,ATM,Monthly subscription
TXN0000452,1119,2026-01-28T16:34:05,DEPOSIT,2603.44,Uber,ATM,Card swipe
TXN0000453,1010,2025-10-24T11:02:35,DEPOSIT,1647.3,Walmart,WIRE,Wire transfer
TXN0000454,1113,2025-10-13T04:53:30,WITHDRAWAL,-1116.75,Starbucks,MOBILE,Monthly subscription
TXN0000455,1121,2025-11-06T22:29:41,INTEREST,1843.53,Amazon,ONLINE,Interest credit
TXN0000456,1112,2025-09-30T07:54:34,FEE,-34.63,Walmart,BRANCH,Recurring charge
TXN0000457,1026,2025-07-16T07:37:10,INTEREST,4627.2,Target,ATM,ATM cash out
TXN0000458,1103,2025-08-16T03:58:44,DEPOSIT,1172.02,Netflix,WIRE,Recurring charge
TXN0000459,1069,2025-12-20T05:54:33,INTEREST,4716.69,Apple,BRANCH,Bill payment
TXN0000460,1130,2025-08-05T08:35:55,TRANSFER,-1057.88,Uber,BRANCH,Bill payment
TXN0000461,1059,2025-05-20T12:37:12,INTEREST,4712.59,Amazon,ONLINE,Bill payment
TXN0000462,1006,2025-08-25T13:51:31,WITHDRAWAL,-777.61,Home Depot,WIRE,Recurring charge
TXN0000463,1024,2026-03-03T20:47:32,DEPOSIT,3308.79,Whole Foods,BRANCH,ATM cash out
TXN0000464,1075,2025-09-10T10:43:47,INTEREST,2494.52,Whole Foods,WIRE,Card swipe
TXN0000465,1004,2026-04-20T07:51:03,DEPOSIT,4953.65,,ONLINE,Interest credit
TXN0000466,1115,2025-05-12T18:16:31,TRANSFER,1058.62,Uber,MOBILE,Card swipe
TXN0000467,1077,2026-02-01T23:01:25,INTEREST,829.08,Netflix,BRANCH,Bill payment
TXN0000468,1028,2025-11-25T11:30:05,FEE,-35.38,Home Depot,WIRE,Bill payment
TXN0000469,1121,2025-08-10T06:58:54,FEE,-43.45,Whole Foods,BRANCH,Recurring charge
TXN0000470,1096,2025-09-01T11:06:57,FEE,-35.44,Kroger,ONLINE,Online purchase
TXN0000471,1011,2025-12-12T18:58:00,WITHDRAWAL,-1677.13,Apple,ONLINE,Service fee
TXN0000472,1097,2025-05-21T22:08:42,DEPOSIT,2146.46,Apple,MOBILE,ATM cash out
TXN0000473,1060,2025-05-25T10:30:23,INTEREST,1567.38,Walmart,ATM,Monthly subscription
TXN0000474,1086,2026-01-10T10:50:24,WITHDRAWAL,-59.03,  APPLE  ,BRANCH,Recurring charge
TXN0000475,1131,2025-05-08T15:15:31,PAYMENT,-700.14,CVS,ATM,Interest credit
TXN0000476,1146,2025-06-07T20:35:45,PAYMENT,-532.74,Walmart,MOBILE,Service fee
TXN0000477,1127,2025-12-24T18:36:40,FEE,-41.52,Home Depot,ATM,Service fee
TXN0000478,1111,2026-03-01T16:45:58,WITHDRAWAL,-1003.96,,ONLINE,Card swipe
TXN0000479,1054,2025-10-03T03:09:59,TRANSFER,-704.53,Starbucks,MOBILE,Recurring charge
TXN0000480,1023,2025-08-14T03:56:45,INTEREST,4222.49,Walmart,ONLINE,Recurring charge
TXN0000481,1135,2026-01-08T00:45:47,PAYMENT,-218.68,Apple,ATM,Card swipe
TXN0000482,1076,2025-10-03T05:43:00,PAYMENT,490.37,Apple,ATM,Recurring charge
TXN0000483,1131,2025-05-07T05:23:43,PAYMENT,514.68,Whole Foods,WIRE,Direct deposit
TXN0000484,1147,2026-02-12T05:52:48,PAYMENT,-861.14,,BRANCH,Wire transfer
TXN0000485,1136,2025-10-15T10:36:18,FEE,-43.37,,WIRE,Online purchase
TXN0000486,1133,2026-02-13T21:15:52,WITHDRAWAL,-741.26,Target,ATM,Interest credit
TXN0000487,1105,2025-05-25T00:30:29,TRANSFER,1080.56,,MOBILE,Interest credit
TXN0000488,1068,2025-07-30T16:53:22,TRANSFER,438.13,Starbucks,BRANCH,ATM cash out
TXN0000489,1029,2025-08-28T14:26:52,WITHDRAWAL,-399.99,Shell,BRANCH,Bill payment
TXN0000490,1143,2025-05-14T08:53:59,PAYMENT,-233.94,,MOBILE,Direct deposit
TXN0000491,1069,2026-01-10T19:15:21,WITHDRAWAL,-77.7,Kroger,WIRE,Direct deposit
TXN0000492,1010,2026-04-13T04:02:12,INTEREST,2434.35,Amazon,ONLINE,Service fee
TXN0000493,1076,2026-01-15T20:26:14,DEPOSIT,4503.87,Netflix,ONLINE,Interest credit
TXN0000494,1035,2025-06-15T20:28:14,WITHDRAWAL,-241.63,CVS,WIRE,Recurring charge
TXN0000495,1134,2025-06-16T11:42:09,TRANSFER,-10.65,Walmart,ATM,Service fee
TXN0000496,1149,2026-04-28T07:29:34,INTEREST,1955.85,CVS,BRANCH,ATM cash out
TXN0000497,1036,2025-08-06T18:18:10,DEPOSIT,884.02,Starbucks,WIRE,Online purchase
TXN0000498,1125,2025-10-11T13:55:41,FEE,-21.86,Walmart,BRANCH,ATM cash out
TXN0000499,1071,2025-08-27T16:21:56,WITHDRAWAL,-738.74,CVS,ONLINE,Recurring charge
TXN0000500,1008,2026-03-02T08:10:26,INTEREST,3314.49,Amazon,MOBILE,Wire transfer
TXN0000501,1141,2026-03-11T10:43:17,PAYMENT,-572.19,CVS,ONLINE,Card swipe
TXN0000502,1060,2025-09-29T14:47:51,PAYMENT,-334.59,,ATM,Wire transfer
TXN0000503,1023,2026-04-10T17:42:03,WITHDRAWAL,-608.9,,MOBILE,Bill payment
TXN0000504,1081,2025-05-31T02:32:07,INTEREST,2037.38,Amazon,BRANCH,Bill payment
TXN0000505,1105,2026-04-21T17:28:15,TRANSFER,652.16,,ONLINE,Direct deposit
TXN0000506,1066,2026-03-11T21:41:56,FEE,-7.99,Netflix,WIRE,Service fee
TXN0000507,1116,2025-07-10T08:34:38,INTEREST,146.48,Amazon,BRANCH,Direct deposit
TXN0000508,1000,2025-05-31T22:27:29,PAYMENT,-899.77,Starbucks,ONLINE,Direct deposit
TXN0000509,1063,2026-02-20T09:11:31,FEE,-37.11,Kroger,MOBILE,Recurring charge
TXN0000510,1105,2026-02-09T12:18:02,TRANSFER,-145.53,,MOBILE,Wire transfer
TXN0000511,1044,2025-07-16T03:40:48,INTEREST,2969.17,Apple,ONLINE,Interest credit
TXN0000512,1094,2026-04-08T10:39:34,WITHDRAWAL,-799.12,Netflix,WIRE,ATM cash out
TXN0000513,1005,2025-07-27T19:42:21,DEPOSIT,4616.33,Home Depot,ONLINE,Bill payment
TXN0000514,1050,2025-12-26T00:12:54,TRANSFER,603.78,  TARGET  ,BRANCH,Recurring charge
TXN0000515,1066,2025-12-06T07:05:13,WITHDRAWAL,-196.34,Apple,ONLINE,Online purchase
TXN0000516,1134,2025-10-23T04:51:49,PAYMENT,820.08,,BRANCH,Monthly subscription
TXN0000517,1057,2026-03-11T21:33:11,INTEREST,1023.7,,ATM,Wire transfer
TXN0000518,1126,2025-07-19T05:42:25,PAYMENT,-1109.4,,WIRE,ATM cash out
TXN0000519,1072,2026-03-03T18:17:43,INTEREST,3389.17,Netflix,MOBILE,Online purchase
TXN0000520,1074,2025-09-20T13:16:24,TRANSFER,-793.54,Uber,WIRE,Bill payment
TXN0000521,1021,2025-09-02T12:52:15,DEPOSIT,2349.72,,BRANCH,ATM cash out
TXN0000522,1098,2025-06-06T00:04:06,INTEREST,2122.22,Costco,WIRE,Online purchase
TXN0000523,1013,2025-12-21T11:49:10,TRANSFER,1293.19,Uber,WIRE,Online purchase
TXN0000524,1001,2025-09-30T06:50:27,TRANSFER,13.63,Netflix,ATM,Direct deposit
TXN0000525,1143,2025-11-07T09:36:00,DEPOSIT,2906.63,Starbucks,ATM,Bill payment
TXN0000526,1033,2025-08-09T03:09:35,DEPOSIT,1593.41,Whole Foods,ONLINE,Service fee
TXN0000527,1011,2025-08-17T03:06:57,WITHDRAWAL,-1008.44,,ATM,Interest credit
TXN0000528,1072,2025-11-16T18:32:04,TRANSFER,338.79,Kroger,ATM,Interest credit
TXN0000529,1042,2025-06-27T17:53:22,TRANSFER,710.61,Uber,WIRE,Bill payment
TXN0000530,1013,2025-10-29T15:01:28,WITHDRAWAL,-314.27,Shell,ATM,Direct deposit
TXN0000531,1119,2026-04-25T02:11:22,PAYMENT,-1151.93,,BRANCH,Online purchase
TXN0000532,1113,2025-11-07T10:59:10,TRANSFER,1466.46,Whole Foods,ONLINE,Direct deposit
TXN0000533,1031,2025-08-18T08:09:26,TRANSFER,-1219.27,,MOBILE,Direct deposit
TXN0000534,1130,2025-12-12T15:03:21,TRANSFER,189.74,Home Depot,ONLINE,Card swipe
TXN0000535,1146,2025-11-09T10:43:44,WITHDRAWAL,-844.51,Walmart,ONLINE,Service fee
TXN0000536,1006,2025-09-22T01:48:56,TRANSFER,543.94,Home Depot,WIRE,Monthly subscription
TXN0000537,1082,2026-01-11T03:21:07,WITHDRAWAL,-77.17,Uber,BRANCH,Bill payment
TXN0000538,1068,2026-01-09T19:58:24,FEE,-34.61,Apple,WIRE,Bill payment
TXN0000539,1083,2026-03-05T12:53:25,INTEREST,4999.11,,WIRE,Direct deposit
TXN0000540,1054,2025-05-21T13:37:26,DEPOSIT,4009.77,Starbucks,ONLINE,Card swipe
TXN0000541,1097,2026-02-23T09:05:56,DEPOSIT,2000.3,Target,BRANCH,Monthly subscription
TXN0000542,1005,2026-01-06T08:02:34,WITHDRAWAL,-342.62,Kroger,MOBILE,Monthly subscription
TXN0000543,1076,2025-08-28T10:21:13,PAYMENT,903.3,CVS,WIRE,Direct deposit
TXN0000544,1091,2025-11-06T03:37:02,INTEREST,489.6,Apple,BRANCH,Interest credit
TXN0000545,1121,2025-10-11T02:19:27,TRANSFER,189.17,Netflix,ATM,Recurring charge
TXN0000546,1047,2025-09-09T17:17:34,PAYMENT,392.06,  WALMART  ,BRANCH,ATM cash out
TXN0000547,1039,2025-08-20T21:32:54,PAYMENT,81.84,Home Depot,BRANCH,Interest credit
TXN0000548,1020,2025-08-24T16:00:41,PAYMENT,-598.82,Target,MOBILE,Card swipe
TXN0000549,1109,2025-05-17T12:18:53,TRANSFER,205.61,Whole Foods,WIRE,Monthly subscription
TXN0000550,1130,2025-12-06T18:36:03,PAYMENT,-260.94,Uber,ATM,Service fee
TXN0000551,1065,2026-02-11T14:06:39,FEE,-8.68,  WHOLE FOODS  ,BRANCH,Direct deposit
TXN0000552,1046,2025-08-23T14:16:33,PAYMENT,-1364.22,Netflix,ATM,Recurring charge
TXN0000553,1116,2026-04-21T13:25:24,INTEREST,2255.24,Kroger,MOBILE,ATM cash out
TXN0000554,1047,2026-01-16T12:37:28,DEPOSIT,3737.68,Costco,ONLINE,Interest credit
TXN0000555,1136,2026-01-09T16:30:29,DEPOSIT,39.18,  WALMART  ,BRANCH,Bill payment
TXN0000556,1103,2025-08-25T14:18:01,INTEREST,4829.36,Costco,WIRE,Recurring charge
TXN0000557,1092,2026-03-08T11:47:42,INTEREST,3372.28,CVS,ATM,Monthly subscription
TXN0000558,1032,2026-01-25T07:29:33,WITHDRAWAL,-47.47,Walmart,MOBILE,Online purchase
TXN0000559,1053,2026-03-23T00:50:41,PAYMENT,445.87,Home Depot,WIRE,ATM cash out
TXN0000560,1022,2025-05-08T11:20:51,TRANSFER,809.16,Target,ONLINE,Direct deposit
TXN0000561,1039,2026-03-29T21:53:01,INTEREST,3515.96,Uber,BRANCH,Recurring charge
TXN0000562,1062,2026-03-19T19:56:18,WITHDRAWAL,-603.77,,BRANCH,Online purchase
TXN0000563,1085,2026-01-31T22:30:24,DEPOSIT,522.29,,BRANCH,Interest credit
TXN0000564,1126,2025-08-20T22:12:54,INTEREST,2897.52,CVS,ONLINE,Bill payment
TXN0000565,1102,2026-01-18T13:38:36,PAYMENT,40.07,CVS,BRANCH,ATM cash out
TXN0000566,1015,2025-05-24T15:57:41,FEE,-5.86,Costco,ATM,Interest credit
TXN0000567,1121,2026-01-25T21:18:20,DEPOSIT,2479.0,Home Depot,BRANCH,Online purchase
TXN0000568,1041,2025-07-29T03:21:28,TRANSFER,678.63,Uber,WIRE,ATM cash out
TXN0000569,1086,2025-06-19T22:29:11,FEE,-43.41,CVS,ATM,Interest credit
TXN0000570,1106,2026-03-06T14:15:26,INTEREST,3265.98,Apple,MOBILE,Recurring charge
TXN0000571,1053,2025-06-19T03:16:01,TRANSFER,572.09,Walmart,MOBILE,ATM cash out
TXN0000572,1040,2025-11-07T17:51:04,FEE,-27.15,Kroger,ATM,ATM cash out
TXN0000573,1053,2025-08-09T06:54:24,FEE,-7.12,Amazon,ATM,Direct deposit
TXN0000574,1044,2025-06-13T06:16:14,FEE,-6.44,Walmart,WIRE,ATM cash out
TXN0000575,1030,2026-02-28T19:39:57,FEE,-15.08,Starbucks,ATM,Online purchase
TXN0000576,1142,2026-01-23T00:31:47,TRANSFER,1188.95,,WIRE,Recurring charge
TXN0000577,1026,2026-03-22T20:15:08,INTEREST,261.61,Uber,ONLINE,Monthly subscription
TXN0000578,1026,2025-06-14T20:23:34,FEE,-6.89,Walmart,MOBILE,Service fee
TXN0000579,1040,2025-11-09T13:20:26,INTEREST,1467.69,Uber,ONLINE,Direct deposit
TXN0000580,1093,2025-10-17T12:47:14,TRANSFER,957.48,Walmart,BRANCH,Online purchase
TXN0000581,1062,2025-08-11T07:26:43,PAYMENT,-476.04,Whole Foods,ATM,Interest credit
TXN0000582,1092,2025-11-21T16:41:54,INTEREST,3328.33,Target,BRANCH,ATM cash out
TXN0000583,1035,2026-03-27T00:51:18,PAYMENT,-259.77,Netflix,WIRE,Service fee
TXN0000584,1007,2025-11-16T22:02:21,PAYMENT,-1063.25,Amazon,ONLINE,Monthly subscription
TXN0000585,1086,2025-05-23T20:55:34,TRANSFER,-295.05,Kroger,BRANCH,Online purchase
TXN0000586,1038,2026-03-06T07:52:45,FEE,-7.6,Home Depot,WIRE,Wire transfer
TXN0000587,1107,2025-08-26T04:29:46,PAYMENT,1157.35,CVS,ATM,Service fee
TXN0000588,1002,2026-01-26T23:13:23,TRANSFER,1200.63,Costco,BRANCH,Bill payment
TXN0000589,1052,2026-01-25T20:54:02,FEE,-33.1,Costco,ATM,Interest credit
TXN0000590,1050,2026-02-05T14:24:34,TRANSFER,-1247.16,Whole Foods,MOBILE,Card swipe
TXN0000591,1138,2025-11-18T11:12:08,TRANSFER,-858.8,Whole Foods,ATM,Direct deposit
TXN0000592,1005,2025-08-01T17:26:59,DEPOSIT,4452.69,Whole Foods,ATM,Interest credit
TXN0000593,1129,2025-09-21T20:24:54,DEPOSIT,3662.61,,ATM,Card swipe
TXN0000594,1090,2025-10-21T06:31:51,DEPOSIT,248.19,Home Depot,ATM,Recurring charge
TXN0000595,1001,2025-12-11T20:50:50,PAYMENT,-483.06,Shell,WIRE,Card swipe
TXN0000596,1059,2026-02-01T14:55:35,TRANSFER,-602.4,Home Depot,WIRE,Direct deposit
TXN0000597,1096,2025-12-12T04:04:22,FEE,-38.19,Walmart,MOBILE,Service fee
TXN0000598,1116,2025-05-31T19:48:10,DEPOSIT,741.3,Netflix,ONLINE,Online purchase
TXN0000599,1108,2026-01-17T20:26:32,WITHDRAWAL,-962.98,Uber,WIRE,Interest credit
TXN0000600,1143,2025-08-10T09:48:12,FEE,-40.05,,WIRE,Bill payment
TXN0000601,1108,2025-10-08T21:59:52,PAYMENT,567.05,Uber,MOBILE,Direct deposit
TXN0000602,1129,2026-01-28T14:38:45,WITHDRAWAL,-979.83,Uber,WIRE,Card swipe
TXN0000603,1030,2025-06-29T21:51:06,INTEREST,1071.09,  UBER  ,WIRE,Service fee
TXN0000604,1030,2025-12-08T01:14:01,FEE,-43.35,Walmart,ATM,Online purchase
TXN0000605,1133,2025-08-25T18:35:19,WITHDRAWAL,-253.13,Starbucks,ATM,Bill payment
TXN0000606,1007,2026-04-28T19:48:04,WITHDRAWAL,-301.44,Costco,ATM,Wire transfer
TXN0000607,1055,2025-11-28T15:25:03,WITHDRAWAL,-1641.87,  UBER  ,ATM,Monthly subscription
TXN0000608,1011,2026-04-14T15:17:08,PAYMENT,-56.47,Starbucks,ATM,Interest credit
TXN0000609,1121,2025-11-12T00:44:24,INTEREST,4170.08,Target,BRANCH,Bill payment
TXN0000610,1114,2025-12-28T15:16:56,WITHDRAWAL,-1735.36,Apple,WIRE,Interest credit
TXN0000611,1099,2026-01-15T08:59:22,WITHDRAWAL,-1802.48,Apple,BRANCH,Wire transfer
TXN0000612,1022,2026-02-23T15:47:16,WITHDRAWAL,-1420.27,Costco,ATM,Card swipe
TXN0000613,1031,2025-11-26T10:15:43,INTEREST,2801.17,Shell,WIRE,Online purchase
TXN0000614,1145,2025-05-07T05:57:42,FEE,-13.52,Uber,ONLINE,Card swipe
TXN0000615,1046,2026-01-29T00:50:01,DEPOSIT,1382.06,Shell,WIRE,Bill payment
TXN0000616,1021,2025-11-06T20:51:38,FEE,-32.31,Netflix,ONLINE,Service fee
TXN0000617,1111,2025-11-21T00:24:03,WITHDRAWAL,-841.57,,ATM,Interest credit
TXN0000618,1065,2025-08-18T19:40:15,DEPOSIT,582.08,Walmart,MOBILE,Direct deposit
TXN0000619,1065,2025-05-22T21:06:56,DEPOSIT,779.59,Netflix,WIRE,Service fee
TXN0000620,1046,2025-09-01T07:00:09,DEPOSIT,3569.37,Starbucks,MOBILE,Interest credit
TXN0000621,1082,2026-04-14T07:57:42,TRANSFER,-373.46,,ONLINE,Online purchase
TXN0000622,1051,2025-11-13T12:41:37,WITHDRAWAL,-1509.22,Costco,WIRE,Interest credit
TXN0000623,1029,2025-05-25T10:06:53,TRANSFER,-1318.1,Uber,BRANCH,Online purchase
TXN0000624,1104,2025-05-07T05:34:38,INTEREST,1176.36,,ATM,Card swipe
TXN0000625,1025,2025-08-26T07:11:50,WITHDRAWAL,-1530.7,Home Depot,WIRE,Interest credit
TXN0000626,1114,2025-06-24T06:57:24,DEPOSIT,4232.93,Whole Foods,ATM,Card swipe
TXN0000627,1043,2025-12-01T14:23:38,WITHDRAWAL,-1084.32,Netflix,BRANCH,Online purchase
TXN0000628,1000,2025-07-04T00:06:37,PAYMENT,1383.34,Costco,ONLINE,Online purchase
TXN0000629,1123,2026-01-19T02:02:19,TRANSFER,293.6,,BRANCH,Service fee
TXN0000630,1054,2026-02-11T01:41:03,FEE,-42.83,  STARBUCKS  ,WIRE,Recurring charge
TXN0000631,1017,2025-06-23T05:38:05,TRANSFER,-1230.85,CVS,WIRE,Wire transfer
TXN0000632,1110,2026-01-19T21:38:31,WITHDRAWAL,-1228.68,Kroger,ATM,Wire transfer
TXN0000633,1115,2025-10-25T13:38:25,TRANSFER,-762.22,Apple,WIRE,Service fee
TXN0000634,1004,2025-04-30T19:05:03,INTEREST,677.29,,WIRE,Bill payment
TXN0000635,1001,2026-01-25T11:45:24,DEPOSIT,3366.8,Netflix,BRANCH,Interest credit
TXN0000636,1137,2025-11-25T04:34:32,DEPOSIT,3938.65,Home Depot,ONLINE,Bill payment
TXN0000637,1031,2025-09-16T00:28:57,TRANSFER,1416.12,Netflix,BRANCH,Direct deposit
TXN0000638,1002,2025-07-13T22:48:18,DEPOSIT,2318.84,,BRANCH,Online purchase
TXN0000639,1056,2026-01-30T10:12:08,INTEREST,108.71,Starbucks,ATM,ATM cash out
TXN0000640,1023,2025-07-29T23:26:32,FEE,-33.14,Kroger,BRANCH,Service fee
TXN0000641,1009,2025-07-20T04:49:32,TRANSFER,-21.49,CVS,ONLINE,ATM cash out
TXN0000642,1101,2025-07-05T04:57:42,DEPOSIT,4350.88,Costco,WIRE,ATM cash out
TXN0000643,1144,2025-12-14T10:05:28,INTEREST,3415.09,Costco,MOBILE,Monthly subscription
TXN0000644,1032,2025-07-27T12:47:21,TRANSFER,1300.69,,WIRE,Wire transfer
TXN0000645,1049,2025-12-24T15:09:00,INTEREST,125.36,CVS,ATM,Card swipe
TXN0000646,1116,2026-01-07T10:43:09,DEPOSIT,4690.07,Home Depot,ONLINE,Service fee
TXN0000647,1110,2025-11-08T11:05:28,PAYMENT,-677.89,Home Depot,ATM,Card swipe
TXN0000648,1011,2025-11-22T18:25:24,INTEREST,1130.5,Starbucks,BRANCH,Service fee
TXN0000649,1001,2026-03-09T16:03:25,PAYMENT,-916.18,Walmart,ONLINE,ATM cash out
TXN0000650,1108,2025-08-28T16:55:14,DEPOSIT,4585.81,Shell,ONLINE,Monthly subscription
TXN0000651,1007,2025-12-29T05:30:43,PAYMENT,-204.15,Amazon,ATM,Wire transfer
TXN0000652,1063,2026-03-15T02:10:55,DEPOSIT,2373.15,Apple,ATM,Card swipe
TXN0000653,1060,2025-06-06T03:42:57,DEPOSIT,3880.99,Costco,BRANCH,Recurring charge
TXN0000654,1031,2025-05-12T22:47:08,DEPOSIT,4872.88,,BRANCH,Service fee
TXN0000655,1016,2025-08-25T01:54:50,WITHDRAWAL,-142.76,Kroger,WIRE,Interest credit
TXN0000656,1016,2026-03-26T01:54:55,DEPOSIT,3391.05,Whole Foods,BRANCH,Interest credit
TXN0000657,1024,2026-03-01T19:47:49,FEE,-38.84,Shell,WIRE,Online purchase
TXN0000658,1116,2025-12-26T11:38:49,PAYMENT,-107.37,Netflix,ONLINE,Service fee
TXN0000659,1006,2025-06-08T21:08:13,PAYMENT,51.64,Costco,ONLINE,Recurring charge
TXN0000660,1017,2025-06-17T22:14:01,FEE,-40.52,Shell,WIRE,Wire transfer
TXN0000661,1090,2025-08-02T10:20:43,PAYMENT,-55.8,Costco,MOBILE,Online purchase
TXN0000662,1015,2026-01-08T02:19:50,WITHDRAWAL,-637.1,Netflix,ATM,Wire transfer
TXN0000663,1149,2025-12-20T07:26:18,FEE,-39.9,Target,ATM,Wire transfer
TXN0000664,1094,2025-05-22T06:14:21,DEPOSIT,2593.23,Home Depot,MOBILE,Card swipe
TXN0000665,1143,2026-01-03T18:24:12,DEPOSIT,2116.09,Shell,MOBILE,Monthly subscription
TXN0000666,1087,2025-10-28T12:30:21,WITHDRAWAL,-1342.36,CVS,WIRE,Service fee
TXN0000667,1148,2025-09-04T14:57:05,FEE,-48.34,Costco,MOBILE,Monthly subscription
TXN0000668,1116,2025-05-01T10:27:33,DEPOSIT,2484.69,,MOBILE,ATM cash out
TXN0000669,1119,2026-03-12T09:06:47,FEE,-14.59,Uber,ATM,Interest credit
TXN0000670,1052,2025-05-28T15:13:27,PAYMENT,-947.27,Amazon,ATM,Online purchase
TXN0000671,1142,2025-12-13T10:59:34,DEPOSIT,720.59,Uber,ATM,Online purchase
TXN0000672,1007,2025-08-09T18:00:22,WITHDRAWAL,-411.69,Target,MOBILE,Service fee
TXN0000673,1141,2025-08-09T16:02:47,WITHDRAWAL,-373.51,Amazon,ONLINE,Online purchase
TXN0000674,1035,2025-06-12T02:18:22,PAYMENT,464.61,,ATM,ATM cash out
TXN0000675,1078,2025-07-05T13:11:20,PAYMENT,-779.55,Kroger,WIRE,Recurring charge
TXN0000676,1111,2025-06-19T19:05:41,INTEREST,336.23,Target,MOBILE,ATM cash out
TXN0000677,1136,2026-01-02T01:16:55,PAYMENT,583.06,Apple,MOBILE,Online purchase
TXN0000678,1048,2025-05-20T16:24:34,FEE,-18.24,Target,ATM,Direct deposit
TXN0000679,1130,2026-02-28T17:36:35,FEE,-44.86,Shell,BRANCH,Recurring charge
TXN0000680,1016,2026-02-15T17:05:50,WITHDRAWAL,-1027.06,Kroger,WIRE,Service fee
TXN0000681,1127,2025-11-20T01:47:17,FEE,-25.89,Apple,BRANCH,Bill payment
TXN0000682,1121,2025-12-12T19:06:45,TRANSFER,243.56,Home Depot,ONLINE,ATM cash out
TXN0000683,1056,2025-08-26T20:07:03,WITHDRAWAL,-915.12,Shell,BRANCH,Interest credit
TXN0000684,1146,2025-06-01T22:00:37,WITHDRAWAL,-1872.29,Apple,MOBILE,Monthly subscription
TXN0000685,1075,2025-10-27T16:28:23,PAYMENT,56.46,Shell,WIRE,Recurring charge
TXN0000686,1086,2026-03-08T10:31:30,PAYMENT,-146.55,Netflix,BRANCH,Service fee
TXN0000687,1069,2026-01-05T15:08:35,PAYMENT,-1425.85,Uber,ONLINE,Service fee
TXN0000688,1021,2025-05-30T08:29:41,TRANSFER,1027.81,Whole Foods,ATM,ATM cash out
TXN0000689,1025,2025-09-06T14:50:54,DEPOSIT,366.03,Amazon,MOBILE,Service fee
TXN0000690,1064,2025-08-14T14:11:42,TRANSFER,735.63,Kroger,MOBILE,Recurring charge
TXN0000691,1035,2025-08-09T09:57:31,INTEREST,3701.71,,ONLINE,Wire transfer
TXN0000692,1072,2026-03-15T04:18:09,TRANSFER,849.38,Netflix,WIRE,Online purchase
TXN0000693,1120,2026-04-01T02:43:44,INTEREST,2568.11,Kroger,BRANCH,ATM cash out
TXN0000694,1058,2025-12-13T23:16:13,INTEREST,3748.19,Uber,WIRE,Bill payment
TXN0000695,1118,2025-10-13T12:38:24,TRANSFER,875.74,Apple,BRANCH,ATM cash out
TXN0000696,1112,2025-12-10T06:46:07,PAYMENT,1058.83,Amazon,MOBILE,Wire transfer
TXN0000697,1002,2025-09-14T17:41:36,PAYMENT,931.2,,ATM,ATM cash out
TXN0000698,1107,2026-01-23T04:05:59,PAYMENT,557.29,Netflix,WIRE,Wire transfer
TXN0000699,1083,2025-06-23T00:49:47,FEE,-6.05,  KROGER  ,MOBILE,Service fee
TXN0000700,1145,2025-12-22T01:27:14,INTEREST,3997.74,,WIRE,Interest credit
TXN0000701,1097,2025-07-12T03:26:37,WITHDRAWAL,-1898.41,Walmart,BRANCH,Monthly subscription
TXN0000702,1084,2025-06-05T05:04:25,FEE,-48.29,Home Depot,MOBILE,Monthly subscription
TXN0000703,1141,2025-05-10T10:09:10,WITHDRAWAL,-83.48,CVS,MOBILE,ATM cash out
TXN0000704,1017,2025-11-19T15:43:19,PAYMENT,-648.55,Shell,ONLINE,Bill payment
TXN0000705,1014,2026-04-18T08:03:59,TRANSFER,55.6,Target,BRANCH,Interest credit
TXN0000706,1040,2025-05-26T16:55:03,DEPOSIT,654.4,Netflix,BRANCH,ATM cash out
TXN0000707,1033,2026-01-30T14:37:07,WITHDRAWAL,-633.32,,BRANCH,Direct deposit
TXN0000708,1147,2025-10-25T05:47:02,TRANSFER,262.48,Whole Foods,ATM,ATM cash out
TXN0000709,1001,2025-10-02T01:09:27,WITHDRAWAL,-902.55,,WIRE,ATM cash out
TXN0000710,1134,2025-11-06T16:03:57,TRANSFER,1230.91,,BRANCH,Bill payment
TXN0000711,1147,2026-04-21T20:43:48,DEPOSIT,3689.08,Starbucks,BRANCH,Service fee
TXN0000712,1076,2025-10-08T04:34:19,PAYMENT,339.08,Kroger,MOBILE,Direct deposit
TXN0000713,1110,2025-12-06T19:52:42,PAYMENT,-346.01,Home Depot,ONLINE,Interest credit
TXN0000714,1011,2025-12-29T22:09:35,WITHDRAWAL,-1773.37,Target,WIRE,Wire transfer
TXN0000715,1017,2025-07-23T08:57:43,INTEREST,3635.42,,BRANCH,Interest credit
TXN0000716,1141,2025-11-11T21:18:02,DEPOSIT,4976.63,Walmart,ATM,Interest credit
TXN0000717,1115,2025-05-10T09:01:43,WITHDRAWAL,-520.48,  WHOLE FOODS  ,ONLINE,Bill payment
TXN0000718,1097,2025-07-14T11:58:21,TRANSFER,737.87,,BRANCH,Online purchase
TXN0000719,1002,2025-06-22T00:05:28,TRANSFER,-1155.95,,ATM,Bill payment
TXN0000720,1124,2026-02-01T03:03:43,PAYMENT,-1295.29,Whole Foods,BRANCH,Direct deposit
TXN0000721,1120,2025-12-21T17:32:36,TRANSFER,1024.69,Target,ONLINE,Direct deposit
TXN0000722,1075,2026-01-15T17:49:42,DEPOSIT,2677.92,Netflix,ONLINE,Wire transfer
TXN0000723,1039,2026-04-11T16:27:08,PAYMENT,-425.74,Shell,WIRE,ATM cash out
TXN0000724,1113,2026-01-03T22:39:59,INTEREST,248.3,Home Depot,ONLINE,Interest credit
TXN0000725,1078,2025-09-23T13:34:52,PAYMENT,-1342.75,  AMAZON  ,MOBILE,ATM cash out
TXN0000726,1095,2025-05-05T15:42:31,WITHDRAWAL,-415.97,Amazon,ATM,ATM cash out
TXN0000727,1016,2026-03-18T12:21:40,WITHDRAWAL,-1918.32,Walmart,MOBILE,Direct deposit
TXN0000728,1011,2025-09-04T01:10:46,PAYMENT,37.5,,ATM,Card swipe
TXN0000729,1048,2025-10-13T04:08:00,FEE,-14.32,Whole Foods,ONLINE,ATM cash out
TXN0000730,1054,2026-01-08T23:39:15,DEPOSIT,1789.32,  TARGET  ,ATM,Online purchase
TXN0000731,1099,2025-08-16T03:24:47,WITHDRAWAL,-928.38,Walmart,WIRE,Service fee
TXN0000732,1011,2025-12-18T13:51:52,DEPOSIT,4428.45,Netflix,BRANCH,Monthly subscription
TXN0000733,1137,2025-12-31T00:10:16,FEE,-12.72,Walmart,BRANCH,Direct deposit
TXN0000734,1085,2026-01-22T01:07:49,WITHDRAWAL,-1278.0,,ATM,Bill payment
TXN0000735,1017,2025-12-13T04:56:21,TRANSFER,-1447.05,,BRANCH,Interest credit
TXN0000736,1130,2025-05-05T03:53:14,INTEREST,3711.65,Whole Foods,MOBILE,Online purchase
TXN0000737,1031,2025-12-26T16:38:23,TRANSFER,-790.81,Netflix,ONLINE,Online purchase
TXN0000738,1035,2025-07-18T09:00:33,TRANSFER,-3.82,Shell,ONLINE,ATM cash out
TXN0000739,1113,2026-01-04T22:48:21,INTEREST,4387.89,Target,ONLINE,Card swipe
TXN0000740,1106,2026-03-24T22:00:17,INTEREST,4065.43,  KROGER  ,ATM,Service fee
TXN0000741,1062,2026-04-21T09:22:49,WITHDRAWAL,-1087.84,,MOBILE,ATM cash out
TXN0000742,1097,2025-05-25T02:16:22,FEE,-19.47,Uber,BRANCH,Monthly subscription
TXN0000743,1049,2025-06-17T18:18:48,DEPOSIT,3175.49,Target,ONLINE,Direct deposit
TXN0000744,1140,2025-10-28T09:26:51,WITHDRAWAL,-487.89,Walmart,ATM,Direct deposit
TXN0000745,1050,2025-08-18T19:40:54,WITHDRAWAL,-859.55,Costco,WIRE,Bill payment
TXN0000746,1051,2025-09-16T15:32:47,TRANSFER,1087.28,Uber,BRANCH,Interest credit
TXN0000747,1042,2025-10-15T07:51:53,PAYMENT,-175.87,Whole Foods,MOBILE,Bill payment
TXN0000748,1005,2026-04-22T21:18:19,PAYMENT,-217.81,Walmart,ATM,Recurring charge
TXN0000749,1137,2025-10-27T01:32:33,WITHDRAWAL,-1114.65,Target,ATM,Bill payment
TXN0000750,1072,2025-06-22T01:43:46,PAYMENT,186.43,Uber,BRANCH,ATM cash out
TXN0000751,1039,2025-11-10T10:51:37,WITHDRAWAL,-28.28,,ATM,Bill payment
TXN0000752,1103,2025-11-06T02:56:49,PAYMENT,1320.85,CVS,ATM,Recurring charge
TXN0000753,1018,2025-06-17T08:12:52,PAYMENT,1155.0,,BRANCH,Recurring charge
TXN0000754,1041,2026-02-15T21:12:32,WITHDRAWAL,-1530.64,Starbucks,ATM,Card swipe
TXN0000755,1125,2025-09-26T15:33:55,INTEREST,3445.56,CVS,BRANCH,ATM cash out
TXN0000756,1062,2025-09-17T08:37:31,PAYMENT,-1396.48,,ONLINE,Direct deposit
TXN0000757,1066,2025-08-04T02:04:23,FEE,-25.5,Home Depot,WIRE,Recurring charge
TXN0000758,1041,2026-04-21T01:58:03,DEPOSIT,592.49,Walmart,BRANCH,Interest credit
TXN0000759,1020,2025-10-11T06:07:54,FEE,-45.95,,MOBILE,Interest credit
TXN0000760,1064,2025-09-25T15:50:54,INTEREST,1518.08,Whole Foods,WIRE,Wire transfer
TXN0000761,1105,2026-02-25T15:17:09,INTEREST,4348.4,Walmart,ATM,Direct deposit
TXN0000762,1068,2025-08-27T15:42:12,INTEREST,1055.53,CVS,ONLINE,Direct deposit
TXN0000763,1125,2025-11-19T21:00:01,DEPOSIT,493.38,Kroger,BRANCH,Wire transfer
TXN0000764,1110,2025-07-15T21:41:06,WITHDRAWAL,-369.27,Target,BRANCH,Direct deposit
TXN0000765,1128,2025-07-21T13:19:38,DEPOSIT,2258.8,,MOBILE,ATM cash out
TXN0000766,1015,2026-04-15T09:47:47,INTEREST,921.82,Kroger,BRANCH,Bill payment
TXN0000767,1027,2025-06-17T10:06:59,INTEREST,838.97,Starbucks,ATM,Monthly subscription
TXN0000768,1087,2026-02-19T08:41:12,DEPOSIT,2932.38,Uber,ONLINE,Online purchase
TXN0000769,1015,2026-03-02T11:56:38,TRANSFER,755.4,Amazon,ONLINE,Monthly subscription
TXN0000770,1054,2026-02-19T16:25:35,FEE,-40.63,Netflix,ATM,Bill payment
TXN0000771,1121,2026-04-10T16:49:11,TRANSFER,313.11,Apple,ATM,Service fee
TXN0000772,1061,2025-09-15T06:25:58,TRANSFER,495.23,Netflix,ATM,Monthly subscription
TXN0000773,1000,2026-04-09T20:29:07,PAYMENT,1111.62,Netflix,MOBILE,Online purchase
TXN0000774,1031,2025-08-04T12:32:19,FEE,-17.58,CVS,ATM,Bill payment
TXN0000775,1121,2026-01-02T19:16:25,FEE,-23.59,  SHELL  ,ATM,Online purchase
TXN0000776,1092,2025-10-19T13:14:00,DEPOSIT,4848.29,CVS,MOBILE,Recurring charge
TXN0000777,1124,2025-10-13T04:28:07,PAYMENT,717.61,Kroger,BRANCH,Monthly subscription
TXN0000778,1098,2025-11-17T23:15:30,TRANSFER,321.52,CVS,WIRE,Card swipe
TXN0000779,1008,2026-01-16T09:23:38,WITHDRAWAL,-1005.89,Walmart,WIRE,Bill payment
TXN0000780,1043,2025-08-01T13:21:56,PAYMENT,1365.15,Uber,MOBILE,ATM cash out
TXN0000781,1043,2026-02-01T23:24:53,INTEREST,3502.55,Walmart,ONLINE,Direct deposit
TXN0000782,1083,2026-01-13T14:56:32,PAYMENT,798.93,Shell,BRANCH,Monthly subscription
TXN0000783,1034,2026-01-23T15:53:57,FEE,-33.51,Uber,ATM,ATM cash out
TXN0000784,1147,2026-02-02T15:03:03,FEE,-7.91,Apple,BRANCH,Card swipe
TXN0000785,1111,2025-06-12T06:09:37,WITHDRAWAL,-462.63,Walmart,ONLINE,Service fee
TXN0000786,1048,2026-03-27T09:36:53,INTEREST,4710.62,Costco,ATM,Interest credit
TXN0000787,1147,2025-07-12T17:36:06,INTEREST,18.38,Amazon,BRANCH,Interest credit
TXN0000788,1081,2026-03-05T08:31:36,TRANSFER,892.55,,MOBILE,Card swipe
TXN0000789,1056,2025-08-30T16:38:45,DEPOSIT,1982.61,Whole Foods,MOBILE,Wire transfer
TXN0000790,1056,2025-06-25T15:36:48,PAYMENT,539.94,Target,ONLINE,Recurring charge
TXN0000791,1081,2026-03-25T04:51:00,TRANSFER,7.13,CVS,WIRE,Bill payment
TXN0000792,1055,2026-03-10T15:42:22,PAYMENT,-625.51,Netflix,ATM,Direct deposit
TXN0000793,1053,2025-05-20T09:57:12,INTEREST,4672.82,Shell,MOBILE,Bill payment
TXN0000794,1100,2025-06-30T19:47:18,TRANSFER,1453.17,Home Depot,ONLINE,Card swipe
TXN0000795,1100,2026-02-18T06:24:29,TRANSFER,-232.69,Uber,BRANCH,Interest credit
TXN0000796,1018,2025-07-14T18:23:27,FEE,-37.7,Starbucks,WIRE,Interest credit
TXN0000797,1024,2026-03-08T15:48:46,WITHDRAWAL,-660.37,Kroger,ONLINE,Wire transfer
TXN0000798,1117,2025-11-03T08:40:57,INTEREST,826.84,Target,ATM,Direct deposit
TXN0000799,1053,2025-05-03T13:07:16,WITHDRAWAL,-1612.63,Shell,ATM,Recurring charge
TXN0000800,1026,2025-06-26T07:46:57,INTEREST,3929.64,,BRANCH,Interest credit
